source	target	weight
j_o	j_O	9.204216e-04
k_w	kwh	2.146560e-02
h_i	h_I	2.681873e-04
h_i	h_i	4.128605e-04
c_o	tsh_O	9.204216e-04
n_i	n_I	2.681876e-04
n_i	n_i	4.128644e-04
c_i	tsh_I	2.681873e-04
c_i	tsh_i	4.128605e-04
j_a	j_6	1.047940e-03
d_e	t_E	9.207061e-04
e_u	E_:u	4.336662e-03
j_e	j_E	9.207061e-04
f	f	1.721444e-02
h_o	h_O	9.204216e-04
h_e	h_E	9.207061e-04
j_u	j_u	4.128498e-04
j_u	j_U	2.681920e-04
b_a	p_6	1.047940e-03
i_u	i_:u	4.924253e-03
b	p	1.721444e-02
c_a	tsh_6	1.047940e-03
c_u	tsh_u	4.128498e-04
c_u	tsh_U	2.681920e-04
h_u	h_u	4.128498e-04
h_u	h_U	2.681920e-04
s_e	s_E	9.207061e-04
f_o	f_O	9.204216e-04
k_u	kh_U	2.681922e-04
k_u	kh_u	4.128537e-04
f_i	f_i	4.128605e-04
f_i	f_I	2.681873e-04
k_i	kh_I	2.681876e-04
k_i	kh_i	4.128644e-04
d	t	1.721444e-02
c	tsh	1.721444e-02
l_i	l_I	2.681873e-04
l_i	l_i	4.128605e-04
h_a	h_6	1.047940e-03
m_i	m_I	2.681874e-04
m_i	m_i	4.128617e-04
l_o	l_O	9.204216e-04
o_i	O_:i	4.337540e-03
g_i	k_i	4.128694e-04
g_i	k_I	2.681879e-04
l	l	1.721444e-02
w_o	w_O	9.204235e-04
f_u	f_U	2.681920e-04
f_u	f_u	4.128498e-04
n_e	n_E	9.207126e-04
n_u	n_U	2.681922e-04
n_u	n_u	4.128537e-04
o_m	O_:m	4.248775e-03
n	n	1.721441e-02
n	:n	2.654176e-02
m_a	m_6	1.047943e-03
d_i	t_I	2.681873e-04
d_i	t_i	4.128605e-04
p_i	ph_I	2.681874e-04
p_i	ph_i	4.128617e-04
g_a	k_6	1.047962e-03
m_e	m_E	9.207082e-04
p_u	ph_U	2.681921e-04
p_u	ph_u	4.128510e-04
b_u	p_u	4.128498e-04
b_u	p_U	2.681920e-04
g_o	k_O	9.204363e-04
l_u	l_U	2.681920e-04
l_u	l_u	4.128498e-04
k_o	kh_O	9.204281e-04
w	w	1.721443e-02
z	ts	1.721444e-02
i_t	i_:t_}	4.882195e-03
p_e	ph_E	9.207082e-04
s_i	s_I	2.681873e-04
s_i	s_i	4.128605e-04
t_a	th_6	1.047943e-03
n_o	n_O	9.204281e-04
b_e	p_E	9.207061e-04
a_p	6_:p_}	4.105882e-03
o_n	O_:n	4.248782e-03
w_i	w_I	2.681874e-04
w_i	w_i	4.128617e-04
u_m	u_:m	4.882216e-03
i_m	i_:m	4.882195e-03
p_o	ph_O	9.204236e-04
g_w	kw	2.146560e-02
b_i	p_i	4.128605e-04
b_i	p_I	2.681873e-04
s	s	1.721444e-02
c_e	tsh_E	9.207061e-04
t_u	th_u	4.128510e-04
t_u	th_U	2.681921e-04
u_t	u_:t_}	4.882216e-03
n_g	N=	2.717164e-04
n_g	N	2.146560e-02
n_g	:N	4.890895e-02
e_k	E_:k_}	4.270917e-03
a_u	6_:u	4.204338e-03
b_o	p_O	9.204216e-04
d_u	t_U	2.681920e-04
d_u	t_u	4.128498e-04
o_t	O_:t_}	4.248775e-03
a_n	6_:n	4.105891e-03
k_e	kh_E	9.207126e-04
z_a	ts_6	1.047940e-03
u_n	u_:n	4.882218e-03
a	6	3.177811e-03
o_k	O_:k_}	4.271580e-03
p	ph	1.721443e-02
p	:p_}	2.654179e-02
k_a	kh_6	1.047950e-03
e_o	8	4.890895e-02
e_m	E_:m	4.248093e-03
e_p	E_:p_}	4.248093e-03
f_e	f_E	9.207061e-04
g	k	1.721437e-02
h	h	1.721444e-02
e_t	E_:t_}	4.248093e-03
t	th	1.721443e-02
t	:t_}	2.654179e-02
l_e	l_E	9.207061e-04
e_n	E_:n	4.248100e-03
i_n	i_:n	4.882197e-03
j_i	j_I	2.681873e-04
j_i	j_i	4.128605e-04
z_o	ts_O	9.204216e-04
i	I	1.506252e-03
i	:i	2.457374e-02
i	i	1.547145e-03
d_o	t_O	9.204216e-04
t_e	th_E	9.207082e-04
z_i	ts_I	2.681873e-04
z_i	ts_i	4.128605e-04
m_o	m_O	9.204236e-04
e_i	e_:i	5.434328e-03
y_u	y	4.890895e-02
k	kh	1.721441e-02
k	:k_}	2.609215e-02
p_a	ph_6	1.047943e-03
f_a	f_6	1.047940e-03
l_a	l_6	1.047940e-03
o_p	O_:p_}	4.248775e-03
g_u	k_U	2.681925e-04
g_u	k_u	4.128587e-04
u_k	U_:k_}	5.071392e-03
w_a	w_6	1.047943e-03
o_e	9	4.890895e-02
w_e	w_E	9.207081e-04
t_o	th_O	9.204236e-04
s_a	s_6	1.047940e-03
z_u	ts_u	4.128498e-04
z_u	ts_U	2.681920e-04
e	E	3.143334e-03
s_o	s_O	9.204216e-04
m	m=	2.717164e-04
m	m	1.721443e-02
m	:m	2.654179e-02
j	j	1.721444e-02
s_u	s_u	4.128498e-04
s_u	s_U	2.681920e-04
d_a	t_6	1.047940e-03
i_p	i_:p_}	4.882195e-03
u_p	u_:p_}	4.882216e-03
m_u	m_U	2.681921e-04
m_u	m_u	4.128510e-04
t_i	th_I	2.681874e-04
t_i	th_i	4.128617e-04
n_a	n_6	1.047950e-03
g_e	k_E	9.207208e-04
i_k	I_:k_}	5.071405e-03
u_i	u_:i	4.924352e-03
u	U	1.506190e-03
u	u	1.547131e-03
u	:u	2.457504e-02
o_u	o_:u	5.434328e-03
a_m	6_:m	4.105882e-03
w_u	w_U	2.681921e-04
w_u	w_u	4.128510e-04
o	O	3.143616e-03
a_k	6_:k_}	4.131505e-03
z_e	ts_E	9.207061e-04
a_i	6_:i	4.204663e-03
a_t	6_:t_}	4.105882e-03
a_a	a	4.890895e-02
b_a,p_6	#	5.000000e-01
b_a,p_6	n_g,:N	5.000000e-01
t_u,th_U	n_g,:N	1.000000e+00
o_p,O_:p_}	#	1.000000e+00
g_a,k_6	#	5.000000e-01
g_a,k_6	n_g,:N	5.000000e-01
i_p,i_:p_}	#	1.000000e+00
d_e,t_E	n_g,:N	5.000000e-01
d_e,t_E	#	5.000000e-01
o,O	#	5.000000e-01
o,O	n_g,:N	5.000000e-01
c_a,tsh_6	#	5.000000e-01
c_a,tsh_6	n_g,:N	5.000000e-01
m_i,m_I	n_g,:N	1.000000e+00
u,:u	#	1.000000e+00
i_k,I_:k_}	#	1.000000e+00
e_u,E_:u	#	1.000000e+00
l_u,l_u	#	1.000000e+00
a_i,6_:i	#	1.000000e+00
j_i,j_I	n_g,:N	1.000000e+00
m_i,m_i	#	1.000000e+00
o_u,o_:u	#	1.000000e+00
s,s	o_p,O_:p_}	1.449275e-02
s,s	u_n,u_:n	1.449275e-02
s,s	o_m,O_:m	1.449275e-02
s,s	e_k,E_:k_}	1.449275e-02
s,s	o_t,O_:t_}	1.449275e-02
s,s	e_t,E_:t_}	1.449275e-02
s,s	e_i,e_:i	1.449275e-02
s,s	u_t,u_:t_}	1.449275e-02
s,s	a_n,6_:n	1.449275e-02
s,s	o_k,O_:k_}	1.449275e-02
s,s	u_k,U_:k_}	1.449275e-02
s,s	a_u,6_:u	1.449275e-02
s,s	o_e,9	1.304348e-01
s,s	i_n,i_:n	1.449275e-02
s,s	i_t,i_:t_}	1.449275e-02
s,s	e_m,E_:m	1.449275e-02
s,s	u_m,u_:m	1.449275e-02
s,s	i_u,i_:u	1.449275e-02
s,s	y_u,y	1.304348e-01
s,s	e_p,E_:p_}	1.449275e-02
s,s	u_i,u_:i	1.449275e-02
s,s	e_o,8	1.304348e-01
s,s	a_p,6_:p_}	1.449275e-02
s,s	a_t,6_:t_}	1.449275e-02
s,s	u_p,u_:p_}	1.449275e-02
s,s	a_i,6_:i	1.449275e-02
s,s	a_a,a	1.304348e-01
s,s	a_k,6_:k_}	1.449275e-02
s,s	e_u,E_:u	1.449275e-02
s,s	o_u,o_:u	1.449275e-02
s,s	e_n,E_:n	1.449275e-02
s,s	o_n,O_:n	1.449275e-02
s,s	o_i,O_:i	1.449275e-02
s,s	i_p,i_:p_}	1.449275e-02
s,s	i_k,I_:k_}	1.449275e-02
s,s	a_m,6_:m	1.449275e-02
s,s	i_m,i_:m	1.449275e-02
w_i,w_I	n_g,:N	1.000000e+00
f_a,f_6	n_g,:N	5.000000e-01
f_a,f_6	#	5.000000e-01
f_o,f_O	n_g,:N	5.000000e-01
f_o,f_O	#	5.000000e-01
h_i,h_I	n_g,:N	1.000000e+00
i,:i	#	1.000000e+00
k_w,kwh	u_n,u_:n	1.265823e-02
k_w,kwh	u,u	1.265823e-02
k_w,kwh	i,I	1.265823e-02
k_w,kwh	e_p,E_:p_}	1.265823e-02
k_w,kwh	u_i,u_:i	1.265823e-02
k_w,kwh	o_t,O_:t_}	1.265823e-02
k_w,kwh	o_m,O_:m	1.265823e-02
k_w,kwh	e_k,E_:k_}	1.265823e-02
k_w,kwh	u_t,u_:t_}	1.265823e-02
k_w,kwh	e_i,e_:i	1.265823e-02
k_w,kwh	o_k,O_:k_}	1.265823e-02
k_w,kwh	u,U	1.265823e-02
k_w,kwh	u_m,u_:m	1.265823e-02
k_w,kwh	i_t,i_:t_}	1.265823e-02
k_w,kwh	e_m,E_:m	1.265823e-02
k_w,kwh	a_a,a	1.139241e-01
k_w,kwh	a_k,6_:k_}	1.265823e-02
k_w,kwh	o,O	2.531646e-02
k_w,kwh	y_u,y	1.139241e-01
k_w,kwh	a,6	2.531646e-02
k_w,kwh	e_n,E_:n	1.265823e-02
k_w,kwh	i_n,i_:n	1.265823e-02
k_w,kwh	a_u,6_:u	1.265823e-02
k_w,kwh	o_e,9	1.139241e-01
k_w,kwh	e_o,8	1.139241e-01
k_w,kwh	a_p,6_:p_}	1.265823e-02
k_w,kwh	a_m,6_:m	1.265823e-02
k_w,kwh	i_k,I_:k_}	1.265823e-02
k_w,kwh	i_p,i_:p_}	1.265823e-02
k_w,kwh	a_t,6_:t_}	1.265823e-02
k_w,kwh	u_p,u_:p_}	1.265823e-02
k_w,kwh	e,E	2.531646e-02
k_w,kwh	o_u,o_:u	1.265823e-02
k_w,kwh	i,i	1.265823e-02
k_w,kwh	i_m,i_:m	1.265823e-02
k_w,kwh	o_p,O_:p_}	1.265823e-02
k_w,kwh	a_n,6_:n	1.265823e-02
k_w,kwh	e_t,E_:t_}	1.265823e-02
k_w,kwh	o_n,O_:n	1.265823e-02
k_w,kwh	u_k,U_:k_}	1.265823e-02
k_w,kwh	a_i,6_:i	1.265823e-02
k_w,kwh	e_u,E_:u	1.265823e-02
k_w,kwh	i_u,i_:u	1.265823e-02
k_w,kwh	o_i,O_:i	1.265823e-02
y_u,y	p,:p_}	1.111111e-01
y_u,y	k,:k_}	1.111111e-01
y_u,y	#	1.111111e-01
y_u,y	m,:m	1.111111e-01
y_u,y	t,:t_}	1.111111e-01
y_u,y	n_g,:N	1.111111e-01
y_u,y	n,:n	1.111111e-01
y_u,y	u,:u	1.111111e-01
y_u,y	i,:i	1.111111e-01
p_u,ph_u	#	1.000000e+00
a_t,6_:t_}	#	1.000000e+00
m,:m	#	1.000000e+00
z_o,ts_O	n_g,:N	5.000000e-01
z_o,ts_O	#	5.000000e-01
n_o,n_O	#	5.000000e-01
n_o,n_O	n_g,:N	5.000000e-01
n_g,:N	#	1.000000e+00
e_p,E_:p_}	#	1.000000e+00
n_g,N=	#	1.000000e+00
t_u,th_u	#	1.000000e+00
e_k,E_:k_}	#	1.000000e+00
m_e,m_E	n_g,:N	5.000000e-01
m_e,m_E	#	5.000000e-01
e,E	n_g,:N	5.000000e-01
e,E	#	5.000000e-01
a_n,6_:n	#	1.000000e+00
o_e,9	k,:k_}	1.111111e-01
o_e,9	p,:p_}	1.111111e-01
o_e,9	u,:u	1.111111e-01
o_e,9	n,:n	1.111111e-01
o_e,9	i,:i	1.111111e-01
o_e,9	#	1.111111e-01
o_e,9	m,:m	1.111111e-01
o_e,9	n_g,:N	1.111111e-01
o_e,9	t,:t_}	1.111111e-01
k_e,kh_E	#	5.000000e-01
k_e,kh_E	n_g,:N	5.000000e-01
u_m,u_:m	#	1.000000e+00
d_a,t_6	n_g,:N	5.000000e-01
d_a,t_6	#	5.000000e-01
i_t,i_:t_}	#	1.000000e+00
d,t	y_u,y	1.304348e-01
d,t	o_u,o_:u	1.449275e-02
d,t	i_u,i_:u	1.449275e-02
d,t	o_k,O_:k_}	1.449275e-02
d,t	u_k,U_:k_}	1.449275e-02
d,t	u_t,u_:t_}	1.449275e-02
d,t	e_i,e_:i	1.449275e-02
d,t	o_i,O_:i	1.449275e-02
d,t	e_p,E_:p_}	1.449275e-02
d,t	u_i,u_:i	1.449275e-02
d,t	e_u,E_:u	1.449275e-02
d,t	a_a,a	1.304348e-01
d,t	a_k,6_:k_}	1.449275e-02
d,t	u_m,u_:m	1.449275e-02
d,t	e_m,E_:m	1.449275e-02
d,t	i_t,i_:t_}	1.449275e-02
d,t	a_m,6_:m	1.449275e-02
d,t	e_o,8	1.304348e-01
d,t	a_p,6_:p_}	1.449275e-02
d,t	i_n,i_:n	1.449275e-02
d,t	o_e,9	1.304348e-01
d,t	a_u,6_:u	1.449275e-02
d,t	o_m,O_:m	1.449275e-02
d,t	u_n,u_:n	1.449275e-02
d,t	o_p,O_:p_}	1.449275e-02
d,t	i_m,i_:m	1.449275e-02
d,t	i_k,I_:k_}	1.449275e-02
d,t	i_p,i_:p_}	1.449275e-02
d,t	o_t,O_:t_}	1.449275e-02
d,t	e_t,E_:t_}	1.449275e-02
d,t	e_n,E_:n	1.449275e-02
d,t	a_t,6_:t_}	1.449275e-02
d,t	u_p,u_:p_}	1.449275e-02
d,t	e_k,E_:k_}	1.449275e-02
d,t	a_n,6_:n	1.449275e-02
d,t	a_i,6_:i	1.449275e-02
d,t	o_n,O_:n	1.449275e-02
t,:t_}	#	1.000000e+00
f_i,f_i	#	1.000000e+00
w_o,w_O	#	5.000000e-01
w_o,w_O	n_g,:N	5.000000e-01
w,w	o_k,O_:k_}	1.449275e-02
w,w	u_k,U_:k_}	1.449275e-02
w,w	a_a,a	1.304348e-01
w,w	a_k,6_:k_}	1.449275e-02
w,w	o_m,O_:m	1.449275e-02
w,w	e_k,E_:k_}	1.449275e-02
w,w	u_n,u_:n	1.449275e-02
w,w	i_u,i_:u	1.449275e-02
w,w	y_u,y	1.304348e-01
w,w	o_i,O_:i	1.449275e-02
w,w	o_e,9	1.304348e-01
w,w	a_u,6_:u	1.449275e-02
w,w	i_n,i_:n	1.449275e-02
w,w	e_t,E_:t_}	1.449275e-02
w,w	e_i,e_:i	1.449275e-02
w,w	u_t,u_:t_}	1.449275e-02
w,w	i_p,i_:p_}	1.449275e-02
w,w	i_k,I_:k_}	1.449275e-02
w,w	a_m,6_:m	1.449275e-02
w,w	e_n,E_:n	1.449275e-02
w,w	e_m,E_:m	1.449275e-02
w,w	u_m,u_:m	1.449275e-02
w,w	i_t,i_:t_}	1.449275e-02
w,w	a_p,6_:p_}	1.449275e-02
w,w	e_o,8	1.304348e-01
w,w	o_p,O_:p_}	1.449275e-02
w,w	i_m,i_:m	1.449275e-02
w,w	a_t,6_:t_}	1.449275e-02
w,w	u_p,u_:p_}	1.449275e-02
w,w	o_t,O_:t_}	1.449275e-02
w,w	a_n,6_:n	1.449275e-02
w,w	u_i,u_:i	1.449275e-02
w,w	e_p,E_:p_}	1.449275e-02
w,w	o_u,o_:u	1.449275e-02
w,w	e_u,E_:u	1.449275e-02
w,w	a_i,6_:i	1.449275e-02
w,w	o_n,O_:n	1.449275e-02
c_i,tsh_I	n_g,:N	1.000000e+00
e_i,e_:i	#	1.000000e+00
c,tsh	o_e,9	1.304348e-01
c,tsh	a_u,6_:u	1.449275e-02
c,tsh	i_n,i_:n	1.449275e-02
c,tsh	o_i,O_:i	1.449275e-02
c,tsh	i_m,i_:m	1.449275e-02
c,tsh	u_p,u_:p_}	1.449275e-02
c,tsh	a_t,6_:t_}	1.449275e-02
c,tsh	i_u,i_:u	1.449275e-02
c,tsh	y_u,y	1.304348e-01
c,tsh	o_u,o_:u	1.449275e-02
c,tsh	e_k,E_:k_}	1.449275e-02
c,tsh	o_n,O_:n	1.449275e-02
c,tsh	o_m,O_:m	1.449275e-02
c,tsh	a_a,a	1.304348e-01
c,tsh	a_k,6_:k_}	1.449275e-02
c,tsh	e_o,8	1.304348e-01
c,tsh	a_p,6_:p_}	1.449275e-02
c,tsh	a_m,6_:m	1.449275e-02
c,tsh	e_m,E_:m	1.449275e-02
c,tsh	u_m,u_:m	1.449275e-02
c,tsh	i_t,i_:t_}	1.449275e-02
c,tsh	u_n,u_:n	1.449275e-02
c,tsh	e_u,E_:u	1.449275e-02
c,tsh	e_p,E_:p_}	1.449275e-02
c,tsh	u_i,u_:i	1.449275e-02
c,tsh	i_p,i_:p_}	1.449275e-02
c,tsh	i_k,I_:k_}	1.449275e-02
c,tsh	u_t,u_:t_}	1.449275e-02
c,tsh	e_i,e_:i	1.449275e-02
c,tsh	o_p,O_:p_}	1.449275e-02
c,tsh	e_t,E_:t_}	1.449275e-02
c,tsh	o_k,O_:k_}	1.449275e-02
c,tsh	u_k,U_:k_}	1.449275e-02
c,tsh	a_n,6_:n	1.449275e-02
c,tsh	a_i,6_:i	1.449275e-02
c,tsh	e_n,E_:n	1.449275e-02
c,tsh	o_t,O_:t_}	1.449275e-02
u_n,u_:n	#	1.000000e+00
k_u,kh_U	n_g,:N	1.000000e+00
#	o,O	1.264223e-03
#	d_e,t_E	1.264223e-03
#	i_p,i_:p_}	6.321113e-04
#	g_a,k_6	1.264223e-03
#	s_u,s_u	6.321113e-04
#	z_i,ts_i	6.321113e-04
#	w_i,w_i	6.321113e-04
#	t_u,th_u	6.321113e-04
#	e_k,E_:k_}	6.321113e-04
#	w_i,w_I	6.321113e-04
#	g,k	4.361568e-02
#	o_u,o_:u	6.321113e-04
#	s,s	4.361568e-02
#	w_e,w_E	1.264223e-03
#	b_u,p_U	6.321113e-04
#	s_o,s_O	1.264223e-03
#	b,p	4.361568e-02
#	j_o,j_O	1.264223e-03
#	w_a,w_6	1.264223e-03
#	w,w	4.361568e-02
#	w_o,w_O	1.264223e-03
#	f_i,f_i	6.321113e-04
#	s_i,s_I	6.321113e-04
#	u_k,U_:k_}	6.321113e-04
#	a,6	1.264223e-03
#	z_o,ts_O	1.264223e-03
#	n_o,n_O	1.264223e-03
#	l_e,l_E	1.264223e-03
#	h_a,h_6	1.264223e-03
#	a_a,a	5.689001e-03
#	h_u,h_u	6.321113e-04
#	o_t,O_:t_}	6.321113e-04
#	d,t	4.361568e-02
#	s_u,s_U	6.321113e-04
#	p_i,ph_I	6.321113e-04
#	n_i,n_I	6.321113e-04
#	n_g,N	4.993679e-02
#	m_u,m_U	6.321113e-04
#	j,j	4.361568e-02
#	j_u,j_U	6.321113e-04
#	p_u,ph_u	6.321113e-04
#	p_o,ph_O	1.264223e-03
#	a_m,6_:m	6.321113e-04
#	z_a,ts_6	1.264223e-03
#	o_n,O_:n	6.321113e-04
#	e_m,E_:m	6.321113e-04
#	o_m,O_:m	6.321113e-04
#	n,n	4.361568e-02
#	o_i,O_:i	6.321113e-04
#	z,ts	4.361568e-02
#	k_u,kh_U	6.321113e-04
#	t_a,th_6	1.264223e-03
#	j_i,j_i	6.321113e-04
#	f_i,f_I	6.321113e-04
#	t_i,th_I	6.321113e-04
#	n_g,N=	6.321113e-04
#	e_p,E_:p_}	6.321113e-04
#	n_e,n_E	1.264223e-03
#	k_i,kh_i	6.321113e-04
#	b_o,p_O	1.264223e-03
#	t_i,th_i	6.321113e-04
#	i_n,i_:n	6.321113e-04
#	w_u,w_U	6.321113e-04
#	m,m	4.361568e-02
#	e_n,E_:n	6.321113e-04
#	o_e,9	5.689001e-03
#	a_n,6_:n	6.321113e-04
#	m_o,m_O	1.264223e-03
#	e_o,8	5.689001e-03
#	p_e,ph_E	1.264223e-03
#	m_e,m_E	1.264223e-03
#	j_a,j_6	1.264223e-03
#	n_u,n_U	6.321113e-04
#	u_t,u_:t_}	6.321113e-04
#	s_e,s_E	1.264223e-03
#	l,l	4.361568e-02
#	d_o,t_O	1.264223e-03
#	l_u,l_u	6.321113e-04
#	s_a,s_6	1.264223e-03
#	c_o,tsh_O	1.264223e-03
#	l_o,l_O	1.264223e-03
#	t_e,th_E	1.264223e-03
#	z_u,ts_u	6.321113e-04
#	f_u,f_U	6.321113e-04
#	c_u,tsh_u	6.321113e-04
#	t_u,th_U	6.321113e-04
#	o_p,O_:p_}	6.321113e-04
#	b_a,p_6	1.264223e-03
#	k_w,kwh	4.993679e-02
#	y_u,y	5.689001e-03
#	o_k,O_:k_}	6.321113e-04
#	t,th	4.361568e-02
#	k_u,kh_u	6.321113e-04
#	c_e,tsh_E	1.264223e-03
#	m_i,m_I	6.321113e-04
#	i_k,I_:k_}	6.321113e-04
#	c_a,tsh_6	1.264223e-03
#	k_i,kh_I	6.321113e-04
#	k,kh	4.361568e-02
#	f,f	4.361568e-02
#	g_w,kw	4.993679e-02
#	i,I	6.321113e-04
#	c,tsh	4.361568e-02
#	u_n,u_:n	6.321113e-04
#	k_o,kh_O	1.264223e-03
#	p_a,ph_6	1.264223e-03
#	h,h	4.361568e-02
#	z_e,ts_E	1.264223e-03
#	b_e,p_E	1.264223e-03
#	p,ph	4.361568e-02
#	l_u,l_U	6.321113e-04
#	b_i,p_I	6.321113e-04
#	i_u,i_:u	6.321113e-04
#	m_a,m_6	1.264223e-03
#	u_p,u_:p_}	6.321113e-04
#	u_i,u_:i	6.321113e-04
#	d_i,t_I	6.321113e-04
#	t_o,th_O	1.264223e-03
#	l_i,l_I	6.321113e-04
#	e_t,E_:t_}	6.321113e-04
#	k_e,kh_E	1.264223e-03
#	u_m,u_:m	6.321113e-04
#	m_u,m_u	6.321113e-04
#	s_i,s_i	6.321113e-04
#	h_u,h_U	6.321113e-04
#	k_a,kh_6	1.264223e-03
#	i_m,i_:m	6.321113e-04
#	w_u,w_u	6.321113e-04
#	j_i,j_I	6.321113e-04
#	m_i,m_i	6.321113e-04
#	j_e,j_E	1.264223e-03
#	h_o,h_O	1.264223e-03
#	n_a,n_6	1.264223e-03
#	z_i,ts_I	6.321113e-04
#	a_u,6_:u	6.321113e-04
#	i,i	6.321113e-04
#	h_i,h_I	6.321113e-04
#	f_o,f_O	1.264223e-03
#	f_a,f_6	1.264223e-03
#	h_i,h_i	6.321113e-04
#	j_u,j_u	6.321113e-04
#	g_o,k_O	1.264223e-03
#	f_e,f_E	1.264223e-03
#	h_e,h_E	1.264223e-03
#	m,m=	6.321113e-04
#	d_i,t_i	6.321113e-04
#	l_a,l_6	1.264223e-03
#	g_i,k_I	6.321113e-04
#	g_u,k_u	6.321113e-04
#	d_a,t_6	1.264223e-03
#	i_t,i_:t_}	6.321113e-04
#	u,u	6.321113e-04
#	d_u,t_U	6.321113e-04
#	n_u,n_u	6.321113e-04
#	g_i,k_i	6.321113e-04
#	g_e,k_E	1.264223e-03
#	u,U	6.321113e-04
#	z_u,ts_U	6.321113e-04
#	n_i,n_i	6.321113e-04
#	e_u,E_:u	6.321113e-04
#	d_u,t_u	6.321113e-04
#	b_i,p_i	6.321113e-04
#	f_u,f_u	6.321113e-04
#	e,E	1.264223e-03
#	g_u,k_U	6.321113e-04
#	p_u,ph_U	6.321113e-04
#	c_u,tsh_U	6.321113e-04
#	c_i,tsh_I	6.321113e-04
#	e_i,e_:i	6.321113e-04
#	c_i,tsh_i	6.321113e-04
#	a_k,6_:k_}	6.321113e-04
#	a_t,6_:t_}	6.321113e-04
#	l_i,l_i	6.321113e-04
#	p_i,ph_i	6.321113e-04
#	a_p,6_:p_}	6.321113e-04
#	b_u,p_u	6.321113e-04
#	a_i,6_:i	6.321113e-04
z,ts	o_p,O_:p_}	1.449275e-02
z,ts	i_t,i_:t_}	1.449275e-02
z,ts	e_m,E_:m	1.449275e-02
z,ts	u_m,u_:m	1.449275e-02
z,ts	o_u,o_:u	1.449275e-02
z,ts	y_u,y	1.304348e-01
z,ts	e_p,E_:p_}	1.449275e-02
z,ts	u_i,u_:i	1.449275e-02
z,ts	e_t,E_:t_}	1.449275e-02
z,ts	a_n,6_:n	1.449275e-02
z,ts	e_o,8	1.304348e-01
z,ts	a_p,6_:p_}	1.449275e-02
z,ts	a_m,6_:m	1.449275e-02
z,ts	e_n,E_:n	1.449275e-02
z,ts	e_k,E_:k_}	1.449275e-02
z,ts	o_n,O_:n	1.449275e-02
z,ts	a_u,6_:u	1.449275e-02
z,ts	o_e,9	1.304348e-01
z,ts	i_n,i_:n	1.449275e-02
z,ts	o_k,O_:k_}	1.449275e-02
z,ts	u_k,U_:k_}	1.449275e-02
z,ts	a_t,6_:t_}	1.449275e-02
z,ts	u_p,u_:p_}	1.449275e-02
z,ts	a_a,a	1.304348e-01
z,ts	a_k,6_:k_}	1.449275e-02
z,ts	i_k,I_:k_}	1.449275e-02
z,ts	i_p,i_:p_}	1.449275e-02
z,ts	u_t,u_:t_}	1.449275e-02
z,ts	e_i,e_:i	1.449275e-02
z,ts	o_i,O_:i	1.449275e-02
z,ts	e_u,E_:u	1.449275e-02
z,ts	o_m,O_:m	1.449275e-02
z,ts	i_m,i_:m	1.449275e-02
z,ts	u_n,u_:n	1.449275e-02
z,ts	a_i,6_:i	1.449275e-02
z,ts	o_t,O_:t_}	1.449275e-02
z,ts	i_u,i_:u	1.449275e-02
o_i,O_:i	#	1.000000e+00
m,m	u_n,u_:n	1.449275e-02
m,m	u_k,U_:k_}	1.449275e-02
m,m	o_p,O_:p_}	1.449275e-02
m,m	o_u,o_:u	1.449275e-02
m,m	i_u,i_:u	1.449275e-02
m,m	y_u,y	1.304348e-01
m,m	o_n,O_:n	1.449275e-02
m,m	o_m,O_:m	1.449275e-02
m,m	e_t,E_:t_}	1.449275e-02
m,m	a_n,6_:n	1.449275e-02
m,m	i_m,i_:m	1.449275e-02
m,m	e_o,8	1.304348e-01
m,m	a_p,6_:p_}	1.449275e-02
m,m	i_n,i_:n	1.449275e-02
m,m	o_e,9	1.304348e-01
m,m	a_u,6_:u	1.449275e-02
m,m	a_m,6_:m	1.449275e-02
m,m	e_m,E_:m	1.449275e-02
m,m	i_t,i_:t_}	1.449275e-02
m,m	u_m,u_:m	1.449275e-02
m,m	a_t,6_:t_}	1.449275e-02
m,m	u_p,u_:p_}	1.449275e-02
m,m	a_a,a	1.304348e-01
m,m	a_k,6_:k_}	1.449275e-02
m,m	i_k,I_:k_}	1.449275e-02
m,m	i_p,i_:p_}	1.449275e-02
m,m	u_t,u_:t_}	1.449275e-02
m,m	e_i,e_:i	1.449275e-02
m,m	o_i,O_:i	1.449275e-02
m,m	e_k,E_:k_}	1.449275e-02
m,m	e_n,E_:n	1.449275e-02
m,m	o_k,O_:k_}	1.449275e-02
m,m	u_i,u_:i	1.449275e-02
m,m	e_p,E_:p_}	1.449275e-02
m,m	e_u,E_:u	1.449275e-02
m,m	a_i,6_:i	1.449275e-02
m,m	o_t,O_:t_}	1.449275e-02
e_n,E_:n	#	1.000000e+00
p,:p_}	#	1.000000e+00
t_a,th_6	n_g,:N	5.000000e-01
t_a,th_6	#	5.000000e-01
w_i,w_i	#	1.000000e+00
e_m,E_:m	#	1.000000e+00
o_m,O_:m	#	1.000000e+00
o_n,O_:n	#	1.000000e+00
b_u,p_U	n_g,:N	1.000000e+00
w_e,w_E	#	5.000000e-01
w_e,w_E	n_g,:N	5.000000e-01
a_p,6_:p_}	#	1.000000e+00
b_u,p_u	#	1.000000e+00
k,:k_}	#	1.000000e+00
w_a,w_6	n_g,:N	5.000000e-01
w_a,w_6	#	5.000000e-01
o_k,O_:k_}	#	1.000000e+00
t,th	e_m,E_:m	1.449275e-02
t,th	u_m,u_:m	1.449275e-02
t,th	i_t,i_:t_}	1.449275e-02
t,th	a_a,a	1.304348e-01
t,th	a_k,6_:k_}	1.449275e-02
t,th	a_n,6_:n	1.449275e-02
t,th	e_i,e_:i	1.449275e-02
t,th	u_t,u_:t_}	1.449275e-02
t,th	o_u,o_:u	1.449275e-02
t,th	y_u,y	1.304348e-01
t,th	i_u,i_:u	1.449275e-02
t,th	o_m,O_:m	1.449275e-02
t,th	o_n,O_:n	1.449275e-02
t,th	e_k,E_:k_}	1.449275e-02
t,th	e_o,8	1.304348e-01
t,th	a_p,6_:p_}	1.449275e-02
t,th	a_u,6_:u	1.449275e-02
t,th	i_n,i_:n	1.449275e-02
t,th	o_e,9	1.304348e-01
t,th	u_k,U_:k_}	1.449275e-02
t,th	a_t,6_:t_}	1.449275e-02
t,th	u_p,u_:p_}	1.449275e-02
t,th	a_i,6_:i	1.449275e-02
t,th	i_k,I_:k_}	1.449275e-02
t,th	i_p,i_:p_}	1.449275e-02
t,th	e_p,E_:p_}	1.449275e-02
t,th	u_i,u_:i	1.449275e-02
t,th	i_m,i_:m	1.449275e-02
t,th	e_n,E_:n	1.449275e-02
t,th	o_p,O_:p_}	1.449275e-02
t,th	u_n,u_:n	1.449275e-02
t,th	a_m,6_:m	1.449275e-02
t,th	e_u,E_:u	1.449275e-02
t,th	o_k,O_:k_}	1.449275e-02
t,th	o_i,O_:i	1.449275e-02
t,th	e_t,E_:t_}	1.449275e-02
t,th	o_t,O_:t_}	1.449275e-02
k_o,kh_O	#	5.000000e-01
k_o,kh_O	n_g,:N	5.000000e-01
p_a,ph_6	n_g,:N	5.000000e-01
p_a,ph_6	#	5.000000e-01
m_u,m_U	n_g,:N	1.000000e+00
n,:n	#	1.000000e+00
w_u,w_U	n_g,:N	1.000000e+00
i_n,i_:n	#	1.000000e+00
t_i,th_i	#	1.000000e+00
h,h	a_m,6_:m	1.449275e-02
h,h	o_n,O_:n	1.449275e-02
h,h	e_k,E_:k_}	1.449275e-02
h,h	o_u,o_:u	1.449275e-02
h,h	i_u,i_:u	1.449275e-02
h,h	y_u,y	1.304348e-01
h,h	o_p,O_:p_}	1.449275e-02
h,h	a_k,6_:k_}	1.449275e-02
h,h	a_a,a	1.304348e-01
h,h	u_i,u_:i	1.449275e-02
h,h	e_p,E_:p_}	1.449275e-02
h,h	e_n,E_:n	1.449275e-02
h,h	e_m,E_:m	1.449275e-02
h,h	i_t,i_:t_}	1.449275e-02
h,h	u_m,u_:m	1.449275e-02
h,h	a_u,6_:u	1.449275e-02
h,h	o_e,9	1.304348e-01
h,h	i_n,i_:n	1.449275e-02
h,h	u_k,U_:k_}	1.449275e-02
h,h	a_p,6_:p_}	1.449275e-02
h,h	e_o,8	1.304348e-01
h,h	a_i,6_:i	1.449275e-02
h,h	i_k,I_:k_}	1.449275e-02
h,h	i_p,i_:p_}	1.449275e-02
h,h	u_n,u_:n	1.449275e-02
h,h	o_k,O_:k_}	1.449275e-02
h,h	e_i,e_:i	1.449275e-02
h,h	u_t,u_:t_}	1.449275e-02
h,h	a_t,6_:t_}	1.449275e-02
h,h	u_p,u_:p_}	1.449275e-02
h,h	a_n,6_:n	1.449275e-02
h,h	o_t,O_:t_}	1.449275e-02
h,h	i_m,i_:m	1.449275e-02
h,h	o_i,O_:i	1.449275e-02
h,h	e_t,E_:t_}	1.449275e-02
h,h	e_u,E_:u	1.449275e-02
h,h	o_m,O_:m	1.449275e-02
z_e,ts_E	#	5.000000e-01
z_e,ts_E	n_g,:N	5.000000e-01
s_u,s_U	n_g,:N	1.000000e+00
a_k,6_:k_}	#	1.000000e+00
z_i,ts_i	#	1.000000e+00
s_u,s_u	#	1.000000e+00
p_o,ph_O	n_g,:N	5.000000e-01
p_o,ph_O	#	5.000000e-01
a_m,6_:m	#	1.000000e+00
i_m,i_:m	#	1.000000e+00
w_u,w_u	#	1.000000e+00
z_a,ts_6	#	5.000000e-01
z_a,ts_6	n_g,:N	5.000000e-01
d_i,t_I	n_g,:N	1.000000e+00
i_u,i_:u	#	1.000000e+00
u_i,u_:i	#	1.000000e+00
u_p,u_:p_}	#	1.000000e+00
m_a,m_6	#	5.000000e-01
m_a,m_6	n_g,:N	5.000000e-01
u_t,u_:t_}	#	1.000000e+00
s_e,s_E	n_g,:N	5.000000e-01
s_e,s_E	#	5.000000e-01
n_u,n_U	n_g,:N	1.000000e+00
j_a,j_6	n_g,:N	5.000000e-01
j_a,j_6	#	5.000000e-01
n,n	u_n,u_:n	1.449275e-02
n,n	i_u,i_:u	1.449275e-02
n,n	y_u,y	1.304348e-01
n,n	u_t,u_:t_}	1.449275e-02
n,n	e_i,e_:i	1.449275e-02
n,n	o_k,O_:k_}	1.449275e-02
n,n	a_a,a	1.304348e-01
n,n	a_k,6_:k_}	1.449275e-02
n,n	o_p,O_:p_}	1.449275e-02
n,n	o_n,O_:n	1.449275e-02
n,n	e_k,E_:k_}	1.449275e-02
n,n	o_m,O_:m	1.449275e-02
n,n	o_i,O_:i	1.449275e-02
n,n	o_t,O_:t_}	1.449275e-02
n,n	a_n,6_:n	1.449275e-02
n,n	i_p,i_:p_}	1.449275e-02
n,n	i_k,I_:k_}	1.449275e-02
n,n	e_p,E_:p_}	1.449275e-02
n,n	u_i,u_:i	1.449275e-02
n,n	i_n,i_:n	1.449275e-02
n,n	o_e,9	1.304348e-01
n,n	a_u,6_:u	1.449275e-02
n,n	e_o,8	1.304348e-01
n,n	a_p,6_:p_}	1.449275e-02
n,n	e_u,E_:u	1.449275e-02
n,n	a_t,6_:t_}	1.449275e-02
n,n	u_p,u_:p_}	1.449275e-02
n,n	e_m,E_:m	1.449275e-02
n,n	u_m,u_:m	1.449275e-02
n,n	i_t,i_:t_}	1.449275e-02
n,n	a_i,6_:i	1.449275e-02
n,n	e_t,E_:t_}	1.449275e-02
n,n	i_m,i_:m	1.449275e-02
n,n	u_k,U_:k_}	1.449275e-02
n,n	e_n,E_:n	1.449275e-02
n,n	o_u,o_:u	1.449275e-02
n,n	a_m,6_:m	1.449275e-02
b_e,p_E	#	5.000000e-01
b_e,p_E	n_g,:N	5.000000e-01
b_i,p_I	n_g,:N	1.000000e+00
p,ph	u_n,u_:n	1.449275e-02
p,ph	u_t,u_:t_}	1.449275e-02
p,ph	e_i,e_:i	1.449275e-02
p,ph	o_u,o_:u	1.449275e-02
p,ph	i_u,i_:u	1.449275e-02
p,ph	y_u,y	1.304348e-01
p,ph	o_k,O_:k_}	1.449275e-02
p,ph	a_u,6_:u	1.449275e-02
p,ph	o_e,9	1.304348e-01
p,ph	i_n,i_:n	1.449275e-02
p,ph	o_t,O_:t_}	1.449275e-02
p,ph	e_t,E_:t_}	1.449275e-02
p,ph	a_n,6_:n	1.449275e-02
p,ph	o_i,O_:i	1.449275e-02
p,ph	i_p,i_:p_}	1.449275e-02
p,ph	i_k,I_:k_}	1.449275e-02
p,ph	e_p,E_:p_}	1.449275e-02
p,ph	u_i,u_:i	1.449275e-02
p,ph	i_m,i_:m	1.449275e-02
p,ph	e_u,E_:u	1.449275e-02
p,ph	a_m,6_:m	1.449275e-02
p,ph	e_k,E_:k_}	1.449275e-02
p,ph	a_t,6_:t_}	1.449275e-02
p,ph	u_p,u_:p_}	1.449275e-02
p,ph	a_p,6_:p_}	1.449275e-02
p,ph	e_o,8	1.304348e-01
p,ph	a_a,a	1.304348e-01
p,ph	a_k,6_:k_}	1.449275e-02
p,ph	e_n,E_:n	1.449275e-02
p,ph	o_n,O_:n	1.449275e-02
p,ph	o_p,O_:p_}	1.449275e-02
p,ph	a_i,6_:i	1.449275e-02
p,ph	e_m,E_:m	1.449275e-02
p,ph	u_m,u_:m	1.449275e-02
p,ph	i_t,i_:t_}	1.449275e-02
p,ph	o_m,O_:m	1.449275e-02
p,ph	u_k,U_:k_}	1.449275e-02
l_u,l_U	n_g,:N	1.000000e+00
n_i,n_I	n_g,:N	1.000000e+00
n_g,N	u_k,U_:k_}	1.265823e-02
n_g,N	o_p,O_:p_}	1.265823e-02
n_g,N	u,u	1.265823e-02
n_g,N	u_n,u_:n	1.265823e-02
n_g,N	o_t,O_:t_}	1.265823e-02
n_g,N	o_i,O_:i	1.265823e-02
n_g,N	e_t,E_:t_}	1.265823e-02
n_g,N	o_u,o_:u	1.265823e-02
n_g,N	i_u,i_:u	1.265823e-02
n_g,N	i_t,i_:t_}	1.265823e-02
n_g,N	u_m,u_:m	1.265823e-02
n_g,N	e_m,E_:m	1.265823e-02
n_g,N	o_n,O_:n	1.265823e-02
n_g,N	o_m,O_:m	1.265823e-02
n_g,N	e_k,E_:k_}	1.265823e-02
n_g,N	o,O	2.531646e-02
n_g,N	y_u,y	1.139241e-01
n_g,N	i_n,i_:n	1.265823e-02
n_g,N	o_e,9	1.139241e-01
n_g,N	a_u,6_:u	1.265823e-02
n_g,N	e_o,8	1.139241e-01
n_g,N	a_p,6_:p_}	1.265823e-02
n_g,N	i_k,I_:k_}	1.265823e-02
n_g,N	i_p,i_:p_}	1.265823e-02
n_g,N	e_u,E_:u	1.265823e-02
n_g,N	e,E	2.531646e-02
n_g,N	a_t,6_:t_}	1.265823e-02
n_g,N	u_p,u_:p_}	1.265823e-02
n_g,N	a_k,6_:k_}	1.265823e-02
n_g,N	a_a,a	1.139241e-01
n_g,N	a,6	2.531646e-02
n_g,N	e_n,E_:n	1.265823e-02
n_g,N	u,U	1.265823e-02
n_g,N	i_m,i_:m	1.265823e-02
n_g,N	i,i	1.265823e-02
n_g,N	e_i,e_:i	1.265823e-02
n_g,N	u_t,u_:t_}	1.265823e-02
n_g,N	i,I	1.265823e-02
n_g,N	u_i,u_:i	1.265823e-02
n_g,N	e_p,E_:p_}	1.265823e-02
n_g,N	a_i,6_:i	1.265823e-02
n_g,N	a_n,6_:n	1.265823e-02
n_g,N	o_k,O_:k_}	1.265823e-02
n_g,N	a_m,6_:m	1.265823e-02
d_u,t_U	n_g,:N	1.000000e+00
u,u	#	1.000000e+00
n_u,n_u	#	1.000000e+00
a,6	#	5.000000e-01
a,6	n_g,:N	5.000000e-01
u_k,U_:k_}	#	1.000000e+00
n_a,n_6	n_g,:N	5.000000e-01
n_a,n_6	#	5.000000e-01
a_u,6_:u	#	1.000000e+00
z_i,ts_I	n_g,:N	1.000000e+00
h_o,h_O	#	5.000000e-01
h_o,h_O	n_g,:N	5.000000e-01
e_o,8	u,:u	1.111111e-01
e_o,8	n,:n	1.111111e-01
e_o,8	m,:m	1.111111e-01
e_o,8	#	1.111111e-01
e_o,8	k,:k_}	1.111111e-01
e_o,8	p,:p_}	1.111111e-01
e_o,8	n_g,:N	1.111111e-01
e_o,8	t,:t_}	1.111111e-01
e_o,8	i,:i	1.111111e-01
m_o,m_O	n_g,:N	5.000000e-01
m_o,m_O	#	5.000000e-01
h_u,h_u	#	1.000000e+00
h_a,h_6	n_g,:N	5.000000e-01
h_a,h_6	#	5.000000e-01
l_e,l_E	#	5.000000e-01
l_e,l_E	n_g,:N	5.000000e-01
a_a,a	t,:t_}	1.111111e-01
a_a,a	#	1.111111e-01
a_a,a	m,:m	1.111111e-01
a_a,a	n_g,:N	1.111111e-01
a_a,a	k,:k_}	1.111111e-01
a_a,a	p,:p_}	1.111111e-01
a_a,a	i,:i	1.111111e-01
a_a,a	n,:n	1.111111e-01
a_a,a	u,:u	1.111111e-01
o_t,O_:t_}	#	1.000000e+00
p_e,ph_E	n_g,:N	5.000000e-01
p_e,ph_E	#	5.000000e-01
d_o,t_O	n_g,:N	5.000000e-01
d_o,t_O	#	5.000000e-01
l,l	u_k,U_:k_}	1.449275e-02
l,l	o_p,O_:p_}	1.449275e-02
l,l	a_k,6_:k_}	1.449275e-02
l,l	a_a,a	1.304348e-01
l,l	e_t,E_:t_}	1.449275e-02
l,l	e_i,e_:i	1.449275e-02
l,l	u_t,u_:t_}	1.449275e-02
l,l	a_n,6_:n	1.449275e-02
l,l	o_u,o_:u	1.449275e-02
l,l	i_t,i_:t_}	1.449275e-02
l,l	u_m,u_:m	1.449275e-02
l,l	e_m,E_:m	1.449275e-02
l,l	y_u,y	1.304348e-01
l,l	i_p,i_:p_}	1.449275e-02
l,l	i_k,I_:k_}	1.449275e-02
l,l	e_p,E_:p_}	1.449275e-02
l,l	u_i,u_:i	1.449275e-02
l,l	i_n,i_:n	1.449275e-02
l,l	o_e,9	1.304348e-01
l,l	a_u,6_:u	1.449275e-02
l,l	e_o,8	1.304348e-01
l,l	a_p,6_:p_}	1.449275e-02
l,l	e_u,E_:u	1.449275e-02
l,l	e_n,E_:n	1.449275e-02
l,l	e_k,E_:k_}	1.449275e-02
l,l	a_t,6_:t_}	1.449275e-02
l,l	u_p,u_:p_}	1.449275e-02
l,l	o_m,O_:m	1.449275e-02
l,l	o_k,O_:k_}	1.449275e-02
l,l	i_m,i_:m	1.449275e-02
l,l	a_i,6_:i	1.449275e-02
l,l	o_n,O_:n	1.449275e-02
l,l	o_t,O_:t_}	1.449275e-02
l,l	o_i,O_:i	1.449275e-02
l,l	i_u,i_:u	1.449275e-02
l,l	u_n,u_:n	1.449275e-02
l,l	a_m,6_:m	1.449275e-02
t_e,th_E	#	5.000000e-01
t_e,th_E	n_g,:N	5.000000e-01
l_o,l_O	n_g,:N	5.000000e-01
l_o,l_O	#	5.000000e-01
c_o,tsh_O	#	5.000000e-01
c_o,tsh_O	n_g,:N	5.000000e-01
s_a,s_6	#	5.000000e-01
s_a,s_6	n_g,:N	5.000000e-01
t_o,th_O	#	5.000000e-01
t_o,th_O	n_g,:N	5.000000e-01
l_i,l_I	n_g,:N	1.000000e+00
e_t,E_:t_}	#	1.000000e+00
u,U	n_g,:N	1.000000e+00
m_u,m_u	#	1.000000e+00
j_u,j_U	n_g,:N	1.000000e+00
j,j	e_p,E_:p_}	1.449275e-02
j,j	u_i,u_:i	1.449275e-02
j,j	u_n,u_:n	1.449275e-02
j,j	u_t,u_:t_}	1.449275e-02
j,j	e_i,e_:i	1.449275e-02
j,j	o_u,o_:u	1.449275e-02
j,j	i_u,i_:u	1.449275e-02
j,j	y_u,y	1.304348e-01
j,j	e_u,E_:u	1.449275e-02
j,j	e_t,E_:t_}	1.449275e-02
j,j	o_t,O_:t_}	1.449275e-02
j,j	o_e,9	1.304348e-01
j,j	a_u,6_:u	1.449275e-02
j,j	i_n,i_:n	1.449275e-02
j,j	a_n,6_:n	1.449275e-02
j,j	o_i,O_:i	1.449275e-02
j,j	a_m,6_:m	1.449275e-02
j,j	e_n,E_:n	1.449275e-02
j,j	e_m,E_:m	1.449275e-02
j,j	i_t,i_:t_}	1.449275e-02
j,j	u_m,u_:m	1.449275e-02
j,j	e_k,E_:k_}	1.449275e-02
j,j	o_n,O_:n	1.449275e-02
j,j	a_p,6_:p_}	1.449275e-02
j,j	e_o,8	1.304348e-01
j,j	a_i,6_:i	1.449275e-02
j,j	a_a,a	1.304348e-01
j,j	a_k,6_:k_}	1.449275e-02
j,j	i_m,i_:m	1.449275e-02
j,j	a_t,6_:t_}	1.449275e-02
j,j	u_p,u_:p_}	1.449275e-02
j,j	o_p,O_:p_}	1.449275e-02
j,j	o_k,O_:k_}	1.449275e-02
j,j	o_m,O_:m	1.449275e-02
j,j	i_k,I_:k_}	1.449275e-02
j,j	i_p,i_:p_}	1.449275e-02
j,j	u_k,U_:k_}	1.449275e-02
b_o,p_O	n_g,:N	5.000000e-01
b_o,p_O	#	5.000000e-01
k_i,kh_i	#	1.000000e+00
n_e,n_E	n_g,:N	5.000000e-01
n_e,n_E	#	5.000000e-01
s_i,s_i	#	1.000000e+00
h_u,h_U	n_g,:N	1.000000e+00
f_u,f_U	n_g,:N	1.000000e+00
c_u,tsh_u	#	1.000000e+00
z_u,ts_u	#	1.000000e+00
h_e,h_E	n_g,:N	5.000000e-01
h_e,h_E	#	5.000000e-01
c_e,tsh_E	#	5.000000e-01
c_e,tsh_E	n_g,:N	5.000000e-01
f_i,f_I	n_g,:N	1.000000e+00
j_i,j_i	#	1.000000e+00
t_i,th_I	n_g,:N	1.000000e+00
j_e,j_E	n_g,:N	5.000000e-01
j_e,j_E	#	5.000000e-01
j_u,j_u	#	1.000000e+00
f_e,f_E	#	5.000000e-01
f_e,f_E	n_g,:N	5.000000e-01
g_o,k_O	#	5.000000e-01
g_o,k_O	n_g,:N	5.000000e-01
h_i,h_i	#	1.000000e+00
g_i,k_I	n_g,:N	1.000000e+00
g,k	y_u,y	1.304348e-01
g,k	o_u,o_:u	1.449275e-02
g,k	i_u,i_:u	1.449275e-02
g,k	u_n,u_:n	1.449275e-02
g,k	a_m,6_:m	1.449275e-02
g,k	u_t,u_:t_}	1.449275e-02
g,k	e_i,e_:i	1.449275e-02
g,k	e_n,E_:n	1.449275e-02
g,k	u_p,u_:p_}	1.449275e-02
g,k	a_t,6_:t_}	1.449275e-02
g,k	i_m,i_:m	1.449275e-02
g,k	a_a,a	1.304348e-01
g,k	a_k,6_:k_}	1.449275e-02
g,k	u_k,U_:k_}	1.449275e-02
g,k	o_i,O_:i	1.449275e-02
g,k	o_e,9	1.304348e-01
g,k	i_n,i_:n	1.449275e-02
g,k	a_u,6_:u	1.449275e-02
g,k	o_p,O_:p_}	1.449275e-02
g,k	o_n,O_:n	1.449275e-02
g,k	o_m,O_:m	1.449275e-02
g,k	e_k,E_:k_}	1.449275e-02
g,k	i_k,I_:k_}	1.449275e-02
g,k	i_p,i_:p_}	1.449275e-02
g,k	e_p,E_:p_}	1.449275e-02
g,k	u_i,u_:i	1.449275e-02
g,k	a_p,6_:p_}	1.449275e-02
g,k	e_o,8	1.304348e-01
g,k	a_i,6_:i	1.449275e-02
g,k	u_m,u_:m	1.449275e-02
g,k	i_t,i_:t_}	1.449275e-02
g,k	e_m,E_:m	1.449275e-02
g,k	e_u,E_:u	1.449275e-02
g,k	e_t,E_:t_}	1.449275e-02
g,k	a_n,6_:n	1.449275e-02
g,k	o_k,O_:k_}	1.449275e-02
g,k	o_t,O_:t_}	1.449275e-02
n_i,n_i	#	1.000000e+00
g_u,k_u	#	1.000000e+00
b,p	u_k,U_:k_}	1.449275e-02
b,p	o_k,O_:k_}	1.449275e-02
b,p	y_u,y	1.304348e-01
b,p	i_u,i_:u	1.449275e-02
b,p	o_u,o_:u	1.449275e-02
b,p	a_n,6_:n	1.449275e-02
b,p	o_e,9	1.304348e-01
b,p	a_u,6_:u	1.449275e-02
b,p	i_n,i_:n	1.449275e-02
b,p	o_i,O_:i	1.449275e-02
b,p	a_i,6_:i	1.449275e-02
b,p	i_k,I_:k_}	1.449275e-02
b,p	i_p,i_:p_}	1.449275e-02
b,p	a_m,6_:m	1.449275e-02
b,p	u_t,u_:t_}	1.449275e-02
b,p	e_i,e_:i	1.449275e-02
b,p	a_t,6_:t_}	1.449275e-02
b,p	u_p,u_:p_}	1.449275e-02
b,p	e_k,E_:k_}	1.449275e-02
b,p	o_n,O_:n	1.449275e-02
b,p	o_m,O_:m	1.449275e-02
b,p	e_p,E_:p_}	1.449275e-02
b,p	u_i,u_:i	1.449275e-02
b,p	e_u,E_:u	1.449275e-02
b,p	a_a,a	1.304348e-01
b,p	a_k,6_:k_}	1.449275e-02
b,p	a_p,6_:p_}	1.449275e-02
b,p	e_o,8	1.304348e-01
b,p	i_m,i_:m	1.449275e-02
b,p	u_m,u_:m	1.449275e-02
b,p	i_t,i_:t_}	1.449275e-02
b,p	e_m,E_:m	1.449275e-02
b,p	o_t,O_:t_}	1.449275e-02
b,p	u_n,u_:n	1.449275e-02
b,p	e_t,E_:t_}	1.449275e-02
b,p	o_p,O_:p_}	1.449275e-02
b,p	e_n,E_:n	1.449275e-02
s_o,s_O	n_g,:N	5.000000e-01
s_o,s_O	#	5.000000e-01
i,I	n_g,:N	1.000000e+00
g_w,kw	a_a,a	1.139241e-01
g_w,kw	a_k,6_:k_}	1.265823e-02
g_w,kw	u,U	1.265823e-02
g_w,kw	e_u,E_:u	1.265823e-02
g_w,kw	u_p,u_:p_}	1.265823e-02
g_w,kw	a_t,6_:t_}	1.265823e-02
g_w,kw	i_m,i_:m	1.265823e-02
g_w,kw	i,i	1.265823e-02
g_w,kw	e_o,8	1.139241e-01
g_w,kw	a_p,6_:p_}	1.265823e-02
g_w,kw	u,u	1.265823e-02
g_w,kw	u_n,u_:n	1.265823e-02
g_w,kw	u_k,U_:k_}	1.265823e-02
g_w,kw	a_u,6_:u	1.265823e-02
g_w,kw	o_e,9	1.139241e-01
g_w,kw	i_n,i_:n	1.265823e-02
g_w,kw	o_u,o_:u	1.265823e-02
g_w,kw	y_u,y	1.139241e-01
g_w,kw	o,O	2.531646e-02
g_w,kw	o_p,O_:p_}	1.265823e-02
g_w,kw	o_n,O_:n	1.265823e-02
g_w,kw	o_m,O_:m	1.265823e-02
g_w,kw	e_p,E_:p_}	1.265823e-02
g_w,kw	u_i,u_:i	1.265823e-02
g_w,kw	i,I	1.265823e-02
g_w,kw	i_k,I_:k_}	1.265823e-02
g_w,kw	i_p,i_:p_}	1.265823e-02
g_w,kw	e,E	2.531646e-02
g_w,kw	e_m,E_:m	1.265823e-02
g_w,kw	i_t,i_:t_}	1.265823e-02
g_w,kw	u_m,u_:m	1.265823e-02
g_w,kw	e_k,E_:k_}	1.265823e-02
g_w,kw	a_m,6_:m	1.265823e-02
g_w,kw	a_i,6_:i	1.265823e-02
g_w,kw	a,6	2.531646e-02
g_w,kw	e_n,E_:n	1.265823e-02
g_w,kw	i_u,i_:u	1.265823e-02
g_w,kw	e_t,E_:t_}	1.265823e-02
g_w,kw	a_n,6_:n	1.265823e-02
g_w,kw	e_i,e_:i	1.265823e-02
g_w,kw	u_t,u_:t_}	1.265823e-02
g_w,kw	o_i,O_:i	1.265823e-02
g_w,kw	o_t,O_:t_}	1.265823e-02
g_w,kw	o_k,O_:k_}	1.265823e-02
d_i,t_i	#	1.000000e+00
m,m=	#	1.000000e+00
l_a,l_6	n_g,:N	5.000000e-01
l_a,l_6	#	5.000000e-01
g_e,k_E	n_g,:N	5.000000e-01
g_e,k_E	#	5.000000e-01
k_u,kh_u	#	1.000000e+00
p_u,ph_U	n_g,:N	1.000000e+00
k_a,kh_6	n_g,:N	5.000000e-01
k_a,kh_6	#	5.000000e-01
z_u,ts_U	n_g,:N	1.000000e+00
b_i,p_i	#	1.000000e+00
c_u,tsh_U	n_g,:N	1.000000e+00
d_u,t_u	#	1.000000e+00
k,kh	y_u,y	1.304348e-01
k,kh	u_k,U_:k_}	1.449275e-02
k,kh	e_u,E_:u	1.449275e-02
k,kh	i_p,i_:p_}	1.449275e-02
k,kh	i_k,I_:k_}	1.449275e-02
k,kh	a_a,a	1.304348e-01
k,kh	a_k,6_:k_}	1.449275e-02
k,kh	o_m,O_:m	1.449275e-02
k,kh	o_n,O_:n	1.449275e-02
k,kh	o_e,9	1.304348e-01
k,kh	a_u,6_:u	1.449275e-02
k,kh	i_n,i_:n	1.449275e-02
k,kh	o_i,O_:i	1.449275e-02
k,kh	a_n,6_:n	1.449275e-02
k,kh	e_t,E_:t_}	1.449275e-02
k,kh	e_n,E_:n	1.449275e-02
k,kh	a_p,6_:p_}	1.449275e-02
k,kh	e_o,8	1.304348e-01
k,kh	a_i,6_:i	1.449275e-02
k,kh	e_m,E_:m	1.449275e-02
k,kh	u_m,u_:m	1.449275e-02
k,kh	i_t,i_:t_}	1.449275e-02
k,kh	u_t,u_:t_}	1.449275e-02
k,kh	e_i,e_:i	1.449275e-02
k,kh	a_t,6_:t_}	1.449275e-02
k,kh	u_p,u_:p_}	1.449275e-02
k,kh	u_n,u_:n	1.449275e-02
k,kh	i_m,i_:m	1.449275e-02
k,kh	a_m,6_:m	1.449275e-02
k,kh	o_p,O_:p_}	1.449275e-02
k,kh	o_u,o_:u	1.449275e-02
k,kh	e_p,E_:p_}	1.449275e-02
k,kh	u_i,u_:i	1.449275e-02
k,kh	i_u,i_:u	1.449275e-02
k,kh	e_k,E_:k_}	1.449275e-02
k,kh	o_t,O_:t_}	1.449275e-02
k,kh	o_k,O_:k_}	1.449275e-02
k_i,kh_I	n_g,:N	1.000000e+00
i,i	#	1.000000e+00
j_o,j_O	n_g,:N	5.000000e-01
j_o,j_O	#	5.000000e-01
g_u,k_U	n_g,:N	1.000000e+00
g_i,k_i	#	1.000000e+00
p_i,ph_I	n_g,:N	1.000000e+00
f_u,f_u	#	1.000000e+00
l_i,l_i	#	1.000000e+00
f,f	o_t,O_:t_}	1.449275e-02
f,f	e_t,E_:t_}	1.449275e-02
f,f	o_i,O_:i	1.449275e-02
f,f	e_o,8	1.304348e-01
f,f	a_p,6_:p_}	1.449275e-02
f,f	i_k,I_:k_}	1.449275e-02
f,f	i_p,i_:p_}	1.449275e-02
f,f	e_n,E_:n	1.449275e-02
f,f	e_u,E_:u	1.449275e-02
f,f	a_a,a	1.304348e-01
f,f	a_k,6_:k_}	1.449275e-02
f,f	a_u,6_:u	1.449275e-02
f,f	o_e,9	1.304348e-01
f,f	i_n,i_:n	1.449275e-02
f,f	u_k,U_:k_}	1.449275e-02
f,f	o_k,O_:k_}	1.449275e-02
f,f	i_m,i_:m	1.449275e-02
f,f	y_u,y	1.304348e-01
f,f	i_u,i_:u	1.449275e-02
f,f	o_u,o_:u	1.449275e-02
f,f	i_t,i_:t_}	1.449275e-02
f,f	u_m,u_:m	1.449275e-02
f,f	e_m,E_:m	1.449275e-02
f,f	u_t,u_:t_}	1.449275e-02
f,f	e_i,e_:i	1.449275e-02
f,f	o_p,O_:p_}	1.449275e-02
f,f	o_m,O_:m	1.449275e-02
f,f	e_p,E_:p_}	1.449275e-02
f,f	u_i,u_:i	1.449275e-02
f,f	e_k,E_:k_}	1.449275e-02
f,f	a_t,6_:t_}	1.449275e-02
f,f	u_p,u_:p_}	1.449275e-02
f,f	u_n,u_:n	1.449275e-02
f,f	a_n,6_:n	1.449275e-02
f,f	a_m,6_:m	1.449275e-02
f,f	a_i,6_:i	1.449275e-02
f,f	o_n,O_:n	1.449275e-02
c_i,tsh_i	#	1.000000e+00
s_i,s_I	n_g,:N	1.000000e+00
p_i,ph_i	#	1.000000e+00
